dom,date
snackmafia.ru,2026-07-21T07:10:46Z
снекмания.рф,2026-06-28T11:06:29Z
optservice.net,2026-07-19T12:00:28Z
snackmania.ru,2026-07-27T15:20:30Z
снекмафия.рф,2026-07-21T07:10:46Z
slxxl.ru,2026-07-21T07:10:45Z
snekmarket.ru,2026-08-25T09:47:29Z
снекмаркет.рф,2026-08-25T09:47:29Z
snackmania.net,2025-09-21T12:33:53Z
snackmarket.net,2025-09-21T12:33:53Z
snackmafia.net,2025-09-21T12:33:53Z
капитанснэков.рф,2026-02-09T09:45:30Z
kapitansnakov.ru,2026-02-09T09:45:31Z
капитан-снеков.рф,2026-02-09T09:45:32Z
capitansnakov.ru,2026-02-09T09:45:32Z
капитанснеков.рф,2026-02-09T09:45:32Z
капитан-снэков.рф,2026-02-09T09:45:30Z
look-vokrug.ru,2026-05-07T07:30:03Z
оглянитесь-вокруг.рф,2026-05-07T07:30:05Z
